rate,time,block,mpl_staked,xmpl_supply
0,1653431158,14838292,0,0
0,1653435282,14838540,0,0
0,1653442333,14839036,0,0
0,1653445736,14839284,0,0
0,1653438880,14838788,0,0
0,1653452591,14839780,0,0
0,1653449122,14839532,0,0
0,1653469898,14841020,0,0
0,1653459295,14840276,0,0
0,1653463059,14840524,0,0
0,1653466638,14840772,0,0
0,1653476663,14841516,0,0
0,1653473155,14841268,0,0
0,1653483774,14842012,0,0
0,1653480046,14841764,0,0
0,1653497879,14843004,0,0
0,1653490523,14842508,0,0
1,1653500952,14843252,1,1
1,1653504373,14843500,1,1
0,1653487235,14842260,0,0
1,1653511593,14843996,1,1
1,1653515062,14844244,1,1
1,1653508093,14843748,1,1
1,1653518535,14844492,1,1
1,1653522343,14844740,1,1
0,1653494261,14842756,0,0
1,1653533283,14845484,1,1
1,1653529447,14845236,1,1
1,1653542841,14846228,1,1
1,1653539618,14845980,1,1
1,1653546617,14846476,1,1
1,1653536256,14845732,1,1
1,1653550354,14846724,1,1
1,1653525796,14844988,1,1
1,1653561204,14847468,1,1
1,1653557531,14847220,1,1
1,1653553653,14846972,1,1
1,1653568278,14847964,1,1
1,1653564814,14847716,1,1
1,1653578596,14848708,1,1
1,1653571832,14848212,1,1
1,1653575322,14848460,1,1
1.953703704,1653595705,14849948,1.953703704,1
1.524884259,1653592000,14849700,1.524884259,1
1.144444444,1653588713,14849452,1.144444444,1
1,1653585224,14849204,1,1
1,1653581880,14848956,1,1
3.627430556,1653610166,14850940,3.627430556,1
3.224884259,1653606688,14850692,3.224884259,1
4.389814815,1653616753,14851436,4.389814815,1
5.170833333,1653623501,14851932,5.170833333,1
0,1653456086,14840028,0,0
4.772106481,1653620056,14851684,4.772106481,1
5.97025463,1653630408,14852428,5.97025463,1
4.017939815,1653613540,14851188,4.017939815,1
7.592361111,1653644423,14853420,7.592361111,1
7.186574074,1653640917,14853172,7.186574074,1
6.816666667,1653637721,14852924,6.816666667,1
7.975578704,1653647734,14853668,7.975578704,1
5.566435185,1653626919,14852180,5.566435185,1
8.365856481,1653651106,14853916,8.365856481,1
9.200462963,1653658317,14854412,9.200462963,1
9.587152778,1653661658,14854660,9.587152778,1
8.772222222,1653654617,14854164,8.772222222,1
10.42511574,1653668898,14855156,10.42511574,1
10.82314815,1653672337,14855404,10.82314815,1
10.82314815,1653665231,14854908,10.82314815,1
0,1653675649,14855652,0,0
0,1653682621,14856148,0,0
0,1653686201,14856396,0,0
0,1653693069,14856892,0,0
0,1653696494,14857140,0,0
0,1653678879,14855900,0,0
0,1653704195,14857636,0,0
2.799768519,1653603015,14850444,2.799768519,1
0,1653689471,14856644,0,0
0,1653714676,14858380,0,0
6.398958333,1653634112,14852676,6.398958333,1
0,1653700444,14857388,0,0
0,1653711444,14858132,0,0
0,1653707782,14857884,0,0
0,1653721426,14858876,0,0
0,1653728262,14859372,0,0
0,1653718219,14858628,0,0
0,1653724705,14859124,0,0
0,1653731801,14859620,0,0
0,1653734987,14859868,0,0
0,1653742150,14860364,0,0
0,1653738652,14860116,0,0
0,1653745623,14860612,0,0
0,1653749039,14860860,0,0
0,1653752402,14861108,0,0
0,1653755712,14861356,0,0
0,1653762289,14861852,0,0
0,1653765989,14862100,0,0
0,1653758909,14861604,0,0
0,1653769672,14862348,0,0
0,1653776299,14862844,0,0
0,1653773020,14862596,0,0
0,1653783262,14863340,0,0
0,1653786638,14863588,0,0
0,1653779919,14863092,0,0
0,1653796783,14864332,0,0
0,1653793717,14864084,0,0
0,1653807309,14865076,0,0
0,1653803695,14864828,0,0
0,1653818091,14865820,0,0
0,1653800317,14864580,0,0
0,1653825624,14866316,0,0
0,1653821810,14866068,0,0
2.373263889,1653599330,14850196,2.373263889,1
0,1653829206,14866564,0,0
0,1653814876,14865572,0,0
0,1653842492,14867556,0,0
0,1653835891,14867060,0,0
0,1653846134,14867804,0,0
0,1653849372,14868052,0,0
0,1653832353,14866812,0,0
0,1653853014,14868300,0,0
0,1653856581,14868548,0,0
0,1653866829,14869292,0,0
0,1653839164,14867308,0,0
0,1653863381,14869044,0,0
0,1653874083,14869788,0,0
0,1653877842,14870036,0,0
0,1653790318,14863836,0,0
0,1653881189,14870284,0,0
0,1653888175,14870780,0,0
0,1653895335,14871276,0,0
0,1653891582,14871028,0,0
0,1653902688,14871772,0,0
0,1653909602,14872268,0,0
0,1653906072,14872020,0,0
0,1653898803,14871524,0,0
1,1653917117,14872764,11,11
0,1653870235,14869540,0,0
1,1653920396,14873012,11,11
1,1653923661,14873260,11,11
1,1653926982,14873508,16993.22047,16993.22047
0,1653811076,14865324,0,0
1.000092838,1653933769,14874004,157244.8222,157230.2253
1.000165019,1653943795,14874748,193766.0166,193734.0467
1.000140049,1653940089,14874500,185020.7977,184994.8893
1.000117024,1653936870,14874252,175856.9878,175836.4108
1.000204654,1653950896,14875244,293365.0231,293304.9971
1.000235806,1653958161,14875740,309146.1782,309073.2969
1.000220739,1653954585,14875492,297376.1179,297310.4899
1.000185908,1653947183,14874996,240094.4395,240049.8123
1.000246863,1653961027,14875988,350118.6349,350032.225
1.000285448,1653971607,14876732,354214.9086,354113.8274
1.000272282,1653967983,14876484,353758.7041,353662.4083
1.000259127,1653964369,14876236,351937.2234,351846.0507
1.000060586,1653930324,14873756,87427.65573,87422.35914
1.000311678,1653978830,14877228,356228.3227,356117.3288
1.000298406,1653975175,14876980,354219.497,354113.8274
0,1653884886,14870532,0,0
1.000337896,1653986109,14877724,357649.2669,357528.4595
1.000363572,1653993261,14878220,358772.3313,358641.9391
1.000389414,1654000486,14878716,359904.3553,359764.258
1.000349975,1653989469,14877972,358767.4547,358641.9391
1.000377189,1653997067,14878468,359624.8396,359489.244
0,1653859926,14868796,0,0
1.000401298,1654003860,14878964,369538.3465,369390.1109
1.000409858,1654007479,14879212,566227.0912,565995.1137
1.000424745,1654014036,14879708,567626.2511,567385.2571
1,1653913622,14872516,11,11
1.000417617,1654010894,14879460,566374.5631,566138.1342
1.000440198,1654020859,14880204,573242.8061,572990.5768
1.000455908,1654028035,14880700,603659.7322,603384.6442
1.00044765,1654024191,14880452,598211.7163,597944.0468
1.00046719,1654034890,14881196,873672.4661,873264.4857
1.000461824,1654031246,14880948,873667.7799,873264.4857
1.000432257,1654017354,14879956,567563.8034,567318.5758
1.000472329,1654038380,14881444,873807.5406,873395.0104
1.000488967,1654048655,14882188,895048.0568,894610.6217
1.000477433,1654041858,14881692,878728.5102,878309.1765
1.00048257,1654045412,14881940,895042.334,894610.6217
1.000496876,1654051815,14882436,1030930.241,1030418.251
1.000541797,1654069996,14883676,1034821.522,1034261.163
1.00051459,1654058977,14882932,1033593.892,1033062.288
1.000532902,1654066392,14883428,1034640.263,1034089.195
1.000506657,1654055767,14882684,1032925.027,1032401.953
1.00056935,1654081163,14884420,1034956.739,1034367.821
1.000594539,1654091682,14885164,1097369.907,1096717.866
1.000551339,1654073863,14883924,1034938.108,1034367.821
1.000610211,1654098478,14885660,1114348.442,1113668.869
1.000523807,1654062708,14883180,1033603.414,1033062.288
1.00061861,1654102143,14885908,1114361.795,1113672.866
1.000324065,1653982265,14877476,357458.4836,357342.6814
1.000601778,1654094798,14885412,1114339.05,1113668.869
1.00062691,1654105780,14886156,1119860.536,1119158.925
1.000578583,1654084905,14884668,1034982.344,1034383.867
1.00063383,1654108815,14886404,1119903.753,1119194.373
1.000648405,1654115751,14886900,1288125.676,1287290.99
1.000668619,1654125948,14887644,1288401.571,1287540.697
1.000654954,1654119054,14887148,1288316.401,1287473.165
1.00069633,1654139937,14888636,1289432.223,1288534.978
1.000661731,1654122473,14887396,1288392.702,1287540.697
1.000682893,1654133153,14888140,1289414.909,1288534.978
1.000675409,1654129375,14887892,1288961.349,1288091.36
1.000710172,1654147010,14889132,1318379.314,1317443.702
1.000690128,1654136806,14888388,1289424.232,1288534.978
1.00058652,1654088236,14884916,1097361.112,1096717.866
1.000703409,1654143519,14888884,1318370.404,1317443.702
1.000641726,1654112480,14886652,1220692.107,1219909.259
1.000560517,1654077583,14884172,1034947.602,1034367.821
1.000750736,1654168019,14890620,1324363.628,1323370.125
1.00072407,1654154199,14889628,1321157.071,1320201.153
1.000776386,1654181320,14891612,1324680.485,1323652.819
1.000763949,1654174870,14891116,1324404.112,1323393.108
1.000717055,1654150570,14889380,1321095.745,1320149.126
1.000790978,1654188888,14892108,1324769.8,1323722.765
1.00078287,1654184683,14891860,1324739.068,1323702.78
1.000770181,1654178102,14891364,1324440.718,1323421.443
1.000804757,1654196040,14892604,1326907.042,1325840.063
1.000811128,1654199350,14892852,1326931.895,1325856.455
1.000798355,1654192715,14892356,1325538.589,1324481.184
1.00081771,1654202770,14893100,1327320.599,1326236.122
1.00082464,1654206377,14893348,1330151.871,1329055.878
1.00074385,1654164448,14890372,1324354.514,1323370.125
1.000843948,1654216437,14894092,1331271.129,1330148.554
1.000837142,1654212890,14893844,1330922.077,1329808.839
1.000850374,1654219787,14894340,1331804.823,1330673.253
1.000857056,1654223271,14894588,1331838.715,1330698.232
1.000864174,1654226985,14894836,1332988.744,1331837.804
1.000870242,1654230171,14895084,1354724.436,1353546.522
1.000877724,1654234140,14895332,1355271.377,1354082.867
1.000737837,1654161330,14890124,1324337.806,1323361.382
1.000884315,1654237637,14895580,1355280.302,1354082.867
1.000891171,1654241275,14895828,1355289.587,1354082.867
1.000897479,1654244645,14896076,1365065.841,1363841.822
1.000903621,1654247928,14896324,1365485.38,1364252.612
1.00091745,1654255323,14896820,1366319.603,1365067.222
1.000929873,1654261969,14897316,1366641.807,1365372.184
1.000923652,1654258641,14897068,1366627.395,1365366.271
1.000937069,1654265818,14897564,1366236.293,1364957.234
1.000950088,1654272781,14898060,1366321.542,1365024.649
1.000730836,1654157701,14889876,1322528.942,1321563.096
1.000962371,1654279558,14898556,1504585.7,1503139.123
1.000909917,1654251294,14896572,1366309.321,1365067.222
1.000973067,1654286279,14899052,1688227.169,1686586.008
1.000967854,1654282920,14898804,1614092.838,1612532.143
1.000978814,1654290077,14899300,1688243.857,1686592.996
1.000983553,1654293214,14899548,1693251.863,1691588.096
1.000757203,1654171372,14890868,1324395.185,1323393.108
1.000993915,1654300082,14900044,1693415.552,1691734.112
1.000999554,1654303820,14900292,1693465.091,1691774.072
1.00098876,1654296665,14899796,1693260.67,1691588.096
1.001014442,1654313831,14901036,1722114.336,1720369.122
1.001009509,1654310506,14900788,1722099.066,1720362.345
1.000956443,1654276180,14898308,1366330.217,1365024.649
1.001029595,1654324046,14901780,1722876.232,1721104.191
1.001034926,1654327641,14902028,1722885.407,1721104.191
1.001024049,1654320307,14901532,1722130.864,1720369.122
1.001039897,1654330993,14902276,1722893.962,1721104.191
1.001045683,1654334895,14902524,1722903.92,1721104.191
1.001056862,1654342437,14903020,1725964.122,1724141.942
1.001004183,1654306916,14900540,1721747.338,1720020.124
1.001051556,1654338856,14902772,1722936.629,1721126.767
1.001061901,1654345841,14903268,1726024.617,1724193.695
1.001067771,1654349807,14903516,1726034.739,1724193.695
1.000830422,1654209389,14893596,1330764.165,1329659.986
1.00107308,1654353393,14903764,1725542.675,1723693.014
1.001079171,1654357507,14904012,1725553.174,1723693.014
1.001018953,1654316872,14901284,1722122.097,1720369.122
1.000943374,1654269190,14897812,1366312.377,1365024.649
1.001084786,1654361299,14904260,1725562.852,1723693.014
1.001090056,1654364858,14904508,1725571.935,1723693.014
1.001106873,1654376216,14905252,1725600.922,1723693.014
1.001095121,1654368279,14904756,1725580.666,1723693.014
1.001100953,1654372218,14905004,1725590.719,1723693.014
1.001112583,1654380073,14905500,1725610.766,1723693.014
1.001123287,1654387303,14905996,1725968.299,1724031.717
1.001133992,1654394535,14906492,1725976.745,1724021.717
1.001128518,1654390837,14906244,1725967.307,1724021.717
1.001145191,1654402100,14906988,1725996.052,1724021.717
1.001139328,1654398139,14906740,1725985.943,1724021.717
1.001117922,1654383679,14905748,1725959.05,1724031.717
1.001150774,1654405871,14907236,1726005.676,1724021.717
1.001155758,1654409238,14907484,1726138.925,1724146.23
1.001166492,1654416490,14907980,1726206.696,1724195.435
1.00117608,1654422967,14908476,1726223.226,1724195.435
1.00117094,1654419495,14908228,1726214.365,1724195.435
1.001186808,1654430215,14908972,1726241.724,1724195.435
1.001181473,1654426611,14908724,1726232.526,1724195.435
1.001197193,1654437231,14909468,1726259.63,1724195.435
1.001191915,1654433665,14909220,1726250.529,1724195.435
1.001202513,1654440825,14909716,1726268.802,1724195.435
1.001207578,1654444247,14909964,1726277.536,1724195.435
1.00121928,1654452153,14910460,1727417.16,1725313.519
1.001213703,1654448385,14910212,1726288.096,1724195.435
1.001225108,1654456093,14910708,1727427.215,1725313.519
1.001235914,1654463398,14911204,1727445.859,1725313.519
1.001230553,1654459774,14910956,1727436.61,1725313.519
1.001246162,1654470326,14911700,1727463.54,1725313.519
1.001241214,1654466981,14911452,1727455.003,1725313.519
1.001251415,1654473877,14911948,1727472.603,1725313.519
1.001262662,1654481480,14912444,1727492.006,1725313.519
1.001257252,1654477823,14912196,1727482.673,1725313.519
1.00126862,1654485508,14912692,1727809.499,1725620.343
1.001274036,1654489170,14912940,1727818.845,1725620.343
1.001278891,1654492453,14913188,1727827.224,1725620.343
1.00128474,1654496409,14913436,1728922.296,1726703.93
1.001295391,1654503615,14913932,1728900.524,1726663.82
1.001301153,1654507521,14914180,1739312.563,1737052.392
1.001306293,1654511027,14914428,1746375.137,1744096.835
1.001315866,1654517569,14914924,1746391.833,1744096.835
1.001326878,1654525095,14915420,1746774.744,1744460.059
1.001310999,1654514243,14914676,1746383.345,1744096.835
1.001338372,1654532952,14915916,1746794.796,1744460.059
1.001321639,1654521514,14915172,1746765.605,1744460.059
1.001343881,1654536717,14916164,1746804.405,1744460.059
1.001348715,1654540257,14916412,1977368.126,1974704.812
1.001332807,1654529148,14915668,1746785.088,1744460.059
1.001353109,1654543657,14916660,1977402.537,1974730.511
1.001357924,1654547382,14916908,1977412.044,1974730.511
1.001367471,1654554769,14917404,1977430.897,1974730.511
1.001362951,1654551272,14917156,1977421.972,1974730.511
1.001377883,1654562848,14917900,1991195.726,1988455.866
1.001372468,1654558636,14917652,1977549.54,1974839.136
1.001386615,1654569742,14918396,2031498.513,2028685.508
1.001382223,1654566251,14918148,2029036.58,2026235.87
1.001390909,1654573157,14918644,2033007.699,2030183.899
1.001395335,1654576678,14918892,2033392.147,2030558.837
1.001400175,1654580529,14919140,2033401.975,2030558.837
1.001404794,1654584204,14919388,2033411.354,2030558.837
1.001413734,1654591317,14919884,2033578.72,2030707.84
1.001422846,1654598566,14920380,2033099.542,2030210.865
1.001418102,1654594792,14920132,2033089.911,2030210.865
1.001409546,1654587985,14919636,2033421.004,2030558.837
1.001432034,1654605876,14920876,2033344.316,2030436.661
1.001427425,1654602209,14920628,2033323.958,2030425.677
1.001436627,1654609530,14921124,2033353.642,2030436.661
1.001440487,1654612602,14921372,2034588.526,2031661.943
1.001449301,1654619621,14921868,2035494.149,2032548.375
1.001444601,1654615878,14921620,2035484.597,2032548.375
1.001458892,1654627259,14922364,2035513.643,2032548.375
1.001454417,1654623695,14922116,2035504.547,2032548.375
1.001468429,1654634855,14922860,2035938.446,2032953.199
1.001463244,1654630725,14922612,2035522.488,2032548.375
1.001476374,1654642168,14923356,2399019.885,2395483.256
1.001472501,1654638533,14923108,2398831.849,2395304.761
1.001483762,1654649103,14923852,2399037.584,2395483.256
1.001479725,1654645314,14923604,2399027.914,2395483.256
1.001487736,1654652833,14924100,2399223.136,2395659.028
1.001491572,1654656434,14924348,2399296.789,2395723.394
1.001495517,1654660139,14924596,2402261.021,2398673.764
1.00149943,1654663817,14924844,2402270.408,2398673.764
1.001507413,1654671320,14925340,2402289.556,2398673.764
1.001511149,1654674831,14925588,2402298.517,2398673.764
1.001503553,1654667692,14925092,2402280.297,2398673.764
1.001515221,1654678658,14925836,2402408.284,2398773.613
1.001523116,1654686079,14926332,2402434.652,2398781.03
1.001530942,1654693436,14926828,2405174.366,2401497.811
1.001526978,1654689709,14926580,2402587.351,2398924.246
1.001519193,1654682392,14926084,2402417.814,2398773.613
1.001538336,1654700399,14927324,2409198.644,2405498.18
1.001534632,1654696910,14927076,2406887.962,2403199.934
1.001545776,1654707412,14927820,2409216.542,2405498.18
1.001542032,1654703883,14927572,2409207.535,2405498.18
1.001553513,1654714704,14928316,2409397.609,2405660.386
1.001549466,1654710890,14928068,2409225.418,2405498.18
1.001290323,1654500186,14913684,1728931.935,1726703.93
1.001561135,1654721889,14928812,2409415.947,2405660.386
1.001557372,1654718342,14928564,2409406.894,2405660.386
1.001568952,1654729257,14929308,2410993.704,2407216.896
1.001564958,1654725492,14929060,2408924.361,2405160.386
1.001572608,1654732713,14929556,2418218.883,2414421.944
1.001576375,1654736277,14929804,2418227.979,2414421.944
1.001584034,1654743523,14930300,2418246.472,2414421.944
1.001580209,1654739904,14930052,2418237.236,2414421.944
1.001591859,1654750930,14930796,2420983.5,2417135.76
1.001600121,1654758755,14931292,2421003.47,2417135.76
1.001587884,1654747165,14930548,2420973.891,2417135.76
1.001596066,1654754914,14931044,2420993.667,2417135.76
1.001607762,1654765992,14931788,2421109.129,2417222.809
1.001603968,1654762398,14931540,2421099.956,2417222.809
1.001615656,1654773468,14932284,2421160.033,2417254.582
1.001623037,1654780459,14932780,2421177.875,2417254.582
1.001650221,1654806206,14934516,2421243.585,2417254.582
1.001611269,1654769313,14932036,2421117.604,2417222.809
1.001658215,1654813778,14935012,2421262.91,2417254.582
1.001638865,1654795451,14933772,2421216.136,2417254.582
1.001646538,1654802718,14934268,2421234.683,2417254.582
1.001161253,1654412950,14907732,1726147.397,1724145.23
1.001634571,1654791384,14933524,2421205.757,2417254.582
1.00164277,1654799149,14934020,2421225.574,2417254.582
1.001619129,1654776758,14932532,2421168.429,2417254.582
1.001630596,1654787619,14933276,2421196.148,2417254.582
1.001662168,1654817522,14935260,2421391.317,2417373.237
1.001665711,1654820878,14935508,2421399.882,2417373.237
1.001669613,1654824574,14935756,2421409.315,2417373.237
1.001673372,1654828134,14936004,2421418.401,2417373.237
1.001680791,1654835162,14936500,2421788.201,2417724.512
1.001677123,1654831688,14936252,2421779.335,2417724.512
1.001685021,1654839170,14936748,2421857.43,2417783.413
1.001689051,1654842988,14936996,2421867.174,2417783.413
1.001692922,1654846655,14937244,2421876.533,2417783.413
1.001697069,1654850584,14937492,2422312.026,2418208.159
1.001708542,1654861455,14938236,2422339.77,2418208.159
1.001700843,1654854160,14937740,2422321.152,2418208.159
1.001712569,1654865270,14938484,2422349.507,2418208.159
1.001716059,1654868577,14938732,2422357.947,2418208.159
1.001704445,1654857573,14937988,2422329.863,2418208.159
1.001723198,1654875341,14939228,2420315.156,2416151.648
1.001730663,1654882408,14939724,2420333.192,2416151.648
1.001719795,1654872117,14938980,2422366.981,2418208.159
1.001726778,1654878730,14939476,2420323.806,2416151.648
1.001739003,1654890304,14940220,2420356.344,2416154.643
1.001734624,1654886158,14939972,2420345.763,2416154.643
1.001747033,1654897906,14940716,2420375.746,2416154.643
1.001750649,1654901329,14940964,2420384.482,2416154.643
1.001743016,1654894103,14940468,2420366.04,2416154.643
1.00175837,1654908638,14941460,2419990.412,2415742.643
1.001754366,1654904848,14941212,2420393.463,2416154.643
1.001778304,1654927496,14942700,2417820.159,2413528.171
1.001770412,1654920032,14942204,2417801.11,2413528.171
1.001773997,1654923422,14942452,2417809.762,2413528.171
1.001762733,1654912768,14941708,2420000.953,2415742.643
1.001786275,1654935034,14943196,2417839.397,2413528.171
1.001789871,1654938434,14943444,2417848.075,2413528.171
1.00165445,1654810212,14934764,2421253.809,2417254.582
1.00179767,1654945809,14943940,2417430.757,2413092.812
1.001626702,1654783930,14933028,2421186.733,2417254.582
1.001782187,1654931168,14942948,2417829.531,2413528.171
1.001801703,1654949622,14944188,2417440.488,2413092.812
1.001812655,1654959978,14944932,2417585.526,2413211.206
1.001766556,1654916385,14941956,2418228.008,2413963.607
1.001805371,1654953090,14944436,2417562.947,2413206.215
1.001824542,1654971209,14945676,2415210.296,2410811.669
1.001816566,1654963674,14945180,2415591.622,2411211.496
1.001820477,1654967369,14945428,2415601.052,2411211.496
1.001832071,1654978322,14946172,2417048.747,2412628.64
1.0018283,1654974759,14945924,2415219.356,2410811.669
1.00183931,1654985165,14946668,2417074.003,2412636.417
1.00184698,1654992416,14947164,2417056.443,2412600.417
1.001835612,1654981669,14946420,2417057.289,2412628.64
1.001843162,1654988806,14946916,2417047.23,2412600.417
1.001851119,1654996327,14947412,2415238.472,2410775.84
1.001855426,1655000396,14947660,2415248.857,2410775.84
1.001862961,1655007513,14948156,2415267.02,2410775.84
1.001859349,1655004101,14947908,2415258.313,2410775.84
1.001870121,1655014277,14948652,2415083.922,2410575.852
1.001866606,1655010956,14948404,2415275.807,2410775.84
1.001886336,1655029592,14949644,2415123.008,2410575.852
1.001882372,1655025848,14949396,2415113.453,2410575.852
1.001878453,1655022146,14949148,2415104.005,2410575.852
1.001874278,1655018203,14948900,2415093.942,2410575.852
1.001890257,1655033296,14949892,2415132.461,2410575.852
1.001894349,1655037161,14950140,2415142.325,2410575.852
1.001901499,1655043914,14950636,2415169.123,2410585.397
1.001809058,1654956576,14944684,2417571.844,2413206.215
1.001794,1654942339,14943692,2417381.001,2413051.985
1.001909177,1655051161,14951132,2406146.678,2401561.671
1.001916819,1655058352,14951628,2406165.031,2401561.671
1.001905349,1655047551,14950884,2415539.363,2410945.669
1.001913153,1655054902,14951380,2406156.226,2401561.671
1.001924903,1655065959,14952124,2406190.503,2401567.718
1.001920424,1655061744,14951876,2406173.688,2401561.671
1.00192853,1655069372,14952372,2406070.252,2401439.004
1.001932633,1655073232,14952620,2406080.103,2401439.004
1.001940289,1655080436,14953116,2406098.489,2401439.004
1.001897891,1655040506,14950388,2415150.862,2410575.852
1.001936585,1655076951,14952868,2406089.595,2401439.004
1.001948311,1655087985,14953612,2406117.755,2401439.004
1.001952319,1655091743,14953860,2396202.094,2391533.059
1.001944488,1655084387,14953364,2406108.573,2401439.004
1.001956295,1655095469,14954108,2396211.603,2391533.059
1.001964211,1655102887,14954604,2396230.535,2391533.059
1.001979725,1655117387,14955596,2385144.345,2380431.745
1.001968412,1655106821,14954852,2390873.139,2386176.162
1.001960309,1655099230,14954356,2396221.202,2391533.059
1.001975975,1655113887,14955348,2387072.002,2382364.509
1.001972056,1655110228,14955100,2389166.806,2384464.509
1.001988001,1655125106,14956092,2385164.045,2380431.745
1.001983722,1655121115,14955844,2385153.859,2380431.745
1.001991865,1655128705,14956340,2375639.172,2370916.626
1.002003754,1655139747,14957084,2375303.926,2370553.919
1.001995898,1655132451,14956588,2375572.543,2370840.588
1.002011149,1655146631,14957580,2380721.495,2375943.119
1.002019274,1655154195,14958076,2380740.8,2375943.119
1.002015256,1655150454,14957828,2380731.252,2375943.119
1.002007521,1655143253,14957332,2380712.874,2375943.119
1.001999984,1655136246,14956836,2373575.271,2368837.633
1.002027084,1655161455,14958572,2376754.537,2371946.403
1.002023256,1655157897,14958324,2376745.457,2371946.403
1.002030874,1655164978,14958820,2377013.529,2372195.897
1.002051436,1655184090,14960060,2377376.811,2372509.758
1.002043484,1655176698,14959564,2376879.495,2372032.285
1.002039101,1655172624,14959316,2376886.455,2372049.607
1.002055502,1655187869,14960308,2377386.455,2372509.758
1.002067869,1655199366,14961052,2377415.797,2372509.758
1.00203487,1655168692,14959068,2376876.42,2372049.607
1.0020719,1655203113,14961300,2377425.36,2372509.758
1.002063536,1655195338,14960804,2377405.517,2372509.758
1.002059482,1655191569,14960556,2377395.898,2372509.758
1.002080078,1655210716,14961796,2377444.764,2372509.758
1.002075918,1655206848,14961548,2377434.892,2372509.758
1.002088033,1655218111,14962292,2377465.982,2372512.098
1.002083842,1655214215,14962044,2377453.694,2372509.758
1.002092538,1655222298,14962540,2376613.006,2371650.237
1.002100166,1655229386,14963036,2376631.096,2371650.237
1.002096394,1655225881,14962788,2376622.15,2371650.237
1.002103986,1655232936,14963284,2376648.156,2371658.22
1.002115239,1655243393,14964028,2376787.393,2371770.532
1.002107775,1655236457,14963532,2376657.142,2371658.22
1.00211141,1655239835,14963780,2376665.763,2371658.22
1.002123168,1655250762,14964524,2376806.2,2371770.532
1.002119005,1655246893,14964276,2376796.326,2371770.532
1.002127316,1655254617,14964772,2376816.039,2371770.532
1.002135591,1655262308,14965268,2377635.667,2372568.83
1.002143518,1655269677,14965764,2377654.474,2372568.83
1.002147606,1655273478,14966012,2377664.175,2372568.83
1.002131315,1655258333,14965020,2376825.522,2371770.532
1.002155696,1655280993,14966508,2373846.719,2368740.435
1.002151796,1655277373,14966260,2377144.583,2372040.435
1.002047349,1655180290,14959812,2376867.112,2372010.779
1.00215986,1655284858,14966756,2373856.583,2368740.435
1.002164347,1655289022,14967004,2373867.21,2368740.435
1.002167979,1655292387,14967252,2367355.536,2362234.261
1.002172249,1655296339,14967500,2367527.346,2362395.635
1.002180312,1655303792,14967996,2362393.409,2357253.861
1.002176651,1655300411,14967748,2362384.781,2357253.861
1.002188005,1655310897,14968492,2356613.625,2351468.601
1.002184,1655307199,14968244,2362552.258,2357403.688
1.002191907,1655314493,14968740,2356621.801,2351467.601
1.002203917,1655325558,14969484,2356682.158,2351499.649
1.002199747,1655321716,14969236,2356672.353,2351499.649
1.002196085,1655318342,14968988,2356631.624,2351467.601
1.002211819,1655332839,14969980,2356700.74,2351499.649
1.002207838,1655329171,14969732,2356691.379,2351499.649
1.002215885,1655336585,14970228,2356710.301,2351499.649
1.002219757,1655340153,14970476,2356719.407,2351499.649
1.002223831,1655343907,14970724,2356728.987,2351499.649
1.00222752,1655347306,14970972,2357090.953,2351852.155
1.002235609,1655354760,14971468,2357114.234,2351856.402
1.002231497,1655350971,14971220,2357104.564,2351856.402
1.002239654,1655358488,14971716,2358124.715,2352855.133
1.002243756,1655362269,14971964,2358134.365,2352855.133
1.002247529,1655365748,14972212,2358143.244,2352855.133
1.002252085,1655369948,14972460,2358145.2,2352846.389
1.002260187,1655377418,14972956,2358441.446,2353122.947
1.002263952,1655380889,14973204,2358450.304,2353122.947
1.002256404,1655373930,14972708,2358311.892,2353002.567
1.002275684,1655391706,14973948,2358477.911,2353122.947
1.002283325,1655398751,14974444,2358425.313,2353052.53
1.002279401,1655395133,14974196,2358486.657,2353122.947
1.002268164,1655384773,14973452,2358460.217,2353122.947
1.002139439,1655265885,14965516,2377644.796,2372568.83
1.002272131,1655388430,14973700,2358469.55,2353122.947
1.00228727,1655402389,14974692,2358825.261,2353442.302
1.002295111,1655409619,14975188,2358437.96,2353037.478
1.002299324,1655413503,14975436,2358447.873,2353037.478
1.002307605,1655421139,14975932,2358836.475,2353405.743
1.002303604,1655417449,14975684,2358605.531,2353184.726
1.00232359,1655435878,14976924,2358711.51,2353243.537
1.002311583,1655424807,14976180,2358845.836,2353405.743
1.002319564,1655432166,14976676,2358702.036,2353243.537
1.002315816,1655428710,14976428,2358693.216,2353243.537
1.002291218,1655406029,14974940,2358834.55,2353442.302
1.00233509,1655446483,14977668,2359124.088,2353628.153
1.002347432,1655457865,14978412,2359164.033,2353639.025
1.002339256,1655450325,14977916,2359133.893,2353628.153
1.002351117,1655461263,14978660,2359172.705,2353639.025
1.002343593,1655454324,14978164,2359154.996,2353639.025
1.002359395,1655468884,14979156,2347013.357,2341488.861
1.002355076,1655464914,14978908,2358891.167,2353348.851
1.002367088,1655475942,14979652,2347064.29,2341521.704
1.002363139,1655472319,14979404,2347022.124,2341488.861
1.002370773,1655479323,14979900,2347072.919,2341521.704
1.002383054,1655490585,14980644,2345169.601,2339594.222
1.002374982,1655483185,14980148,2347097.356,2341536.249
1.002390898,1655497776,14981140,2345187.954,2339594.222
1.002394658,1655501223,14981388,2345196.751,2339594.222
1.002387187,1655494374,14980892,2345179.271,2339594.222
1.002402947,1655508821,14981884,2345246.428,2339624.435
1.002410972,1655516178,14982380,2345265.204,2339624.435
1.002419117,1655523645,14982876,2345284.261,2339624.435
1.002327284,1655439284,14977172,2358780.602,2353303.797
1.002406834,1655512385,14982132,2345255.524,2339624.435
1.002378986,1655486856,14980396,2345160.084,2339594.222
1.002435831,1655538967,14983868,2345323.365,2339624.435
1.002415147,1655520005,14982628,2345274.971,2339624.435
1.002439903,1655542700,14984116,2344832.659,2339125.42
1.002443648,1655546240,14984364,2429317.554,2423395.628
1.002431621,1655535108,14983620,2345313.516,2339624.435
1.002427302,1655531148,14983372,2345303.409,2339624.435
1.002331321,1655443007,14977420,2358839.604,2353353.182
1.00244786,1655550239,14984612,2429334.066,2423401.918
1.002459005,1655560828,14985356,2430883.244,2424920.354
1.002462837,1655564469,14985604,2430892.536,2424920.354
1.002474554,1655575602,14986348,2430946.786,2424946.126
1.002466769,1655568205,14985852,2430902.071,2424920.354
1.002423136,1655527329,14983124,2345293.663,2339624.435
1.002481949,1655582629,14986844,2430964.72,2424946.126
1.002478266,1655579129,14986596,2430955.787,2424946.126
1.002485628,1655586124,14987092,2431123.64,2425095.755
1.002455234,1655557245,14985108,2430934.366,2424980.472
1.002489612,1655589910,14987340,2431133.302,2425095.755
1.002497341,1655597254,14987836,2431152.045,2425095.755
1.002501409,1655601120,14988084,2431251.067,2425184.688
1.002493743,1655593835,14987588,2431143.319,2425095.755
1.002505206,1655604728,14988332,2431260.275,2425184.688
1.002513224,1655612347,14988828,2431372.044,2425276.781
1.002520989,1655619725,14989324,2430876.445,2424763.641
1.002517279,1655616200,14989076,2430867.448,2424763.641
1.002509058,1655608388,14988580,2431269.616,2425184.688
1.002529139,1655627468,14989820,2430906.014,2424773.425
1.0025368,1655634747,14990316,2430963.294,2424812.03
1.0025251,1655623631,14989572,2430886.413,2424763.641
1.002451572,1655553766,14984860,2430925.487,2424980.472
1.002399127,1655505319,14981636,2345207.205,2339594.222
1.002548839,1655646185,14991060,2430992.486,2424812.03
1.002552758,1655649909,14991308,2431001.99,2424812.03
1.002556832,1655653779,14991556,2431092.784,2424892.741
1.002470689,1655571930,14986100,2430937.414,2424946.126
1.002568316,1655664691,14992300,2431120.633,2424892.741
1.002571931,1655668126,14992548,2431129.399,2424892.741
1.002533095,1655631227,14990068,2430953.079,2424810.802
1.00258408,1655679663,14993292,2429643.434,2423381.223
1.002540496,1655638258,14990564,2430972.255,2424812.03
1.00257989,1655675684,14993044,2429633.279,2423381.223
1.002591867,1655687057,14993788,2430129.928,2423847.639
1.002575625,1655671634,14992796,2429622.943,2423381.223
1.002595717,1655690714,14994036,2430143.83,2423852.195
1.00260703,1655701458,14994780,2430171.251,2423852.195
1.002564658,1655661215,14992052,2431111.761,2424892.741
1.002615293,1655709306,14995276,2430191.28,2423852.195
1.002603648,1655698246,14994532,2430163.053,2423852.195
1.002588087,1655683468,14993540,2429659.459,2423387.52
1.002610976,1655705206,14995028,2430180.816,2423852.195
1.002544663,1655642217,14990812,2430982.359,2424812.03
1.002627033,1655720458,14996020,2431458.347,2425087.562
1.002623486,1655717088,14995772,2431465.704,2425103.478
1.00263832,1655731183,14996764,2431485.719,2425087.562
1.002630779,1655724018,14996268,2431467.433,2425087.562
1.002599913,1655694699,14994284,2430154.001,2423852.195
1.002634313,1655727376,14996516,2431476.003,2425087.562
1.002645731,1655738225,14997260,2431554.674,2425138.41
1.002649659,1655741958,14997508,2431322.443,2424897.292
1.002653616,1655745719,14997756,2438044.107,2431591.595
1.002560651,1655657408,14991804,2431102.045,2424892.741
1.002668757,1655760144,14998748,2438143.973,2431654.479
1.002665116,1655756675,14998500,2438074.12,2431593.641
1.002657489,1655749409,14998004,2438053.524,2431591.595
1.002676664,1655767678,14999244,2438163.201,2431654.479
1.002683725,1655774405,14999740,2437317.709,2430794.127
1.002661371,1655753107,14998252,2438062.962,2431591.595
1.002692084,1655782367,15000236,2437366.946,2430822.966
1.002642021,1655734700,14997012,2431545.677,2425138.41
1.00270004,1655789945,15000732,2437417.246,2430853.843
1.002708542,1655798043,15001228,2437437.913,2430853.843
1.002672796,1655763993,14998996,2438153.796,2431654.479
1.002716367,1655805496,15001724,2437715.397,2431111.606
1.002704686,1655794370,15000980,2437428.539,2430853.843
1.002724326,1655813078,15002220,2437931.166,2431307.492
1.002720388,1655809326,15001972,2437921.591,2431307.492
1.002728566,1655817117,15002468,2437941.475,2431307.492
1.002712595,1655801903,15001476,2437447.764,2430853.843
1.002733081,1655821418,15002716,2437952.451,2431307.492
1.002741665,1655829596,15003212,2437923.186,2431257.492
1.002745737,1655833476,15003460,2438498.74,2431821.597
1.002687815,1655778301,14999988,2437356.569,2430822.966
1.002754397,1655841727,15003956,2438519.798,2431821.597
1.002758229,1655845379,15004204,2438529.118,2431821.597
1.002680092,1655770944,14999492,2438171.536,2431654.479
1.002766429,1655853192,15004700,2444761.082,2438016.482
1.002762139,1655849104,15004452,2438037.507,2431321.859
1.002771421,1655857973,15004948,2453943.839,2447161.724
1.002619377,1655713184,14995524,2430201.177,2423852.195
1.002775519,1655861903,15005196,2453953.869,2447161.724
1.002792199,1655877896,15006188,2454000.807,2447167.829
1.002783732,1655869778,15005692,2453976.022,2447163.773
1.002796227,1655881759,15006436,2454028.601,2447185.713
1.002737499,1655825627,15002964,2437913.056,2431257.492
1.002799953,1655885332,15006684,2454037.719,2447185.713
1.002808588,1655893611,15007180,2454058.849,2447185.713
1.002750157,1655837687,15003708,2438509.487,2431821.597
1.00281701,1655901687,15007676,2453490.584,2446598.492
1.00282166,1655906145,15007924,2453501.961,2446598.492
1.002779502,1655865722,15005444,2453965.67,2447163.773
1.00282571,1655910027,15008172,2453511.869,2446598.492
1.002829568,1655913726,15008420,2453367.255,2446444.872
1.002837941,1655921752,15008916,2453387.738,2446444.872
1.002788163,1655874026,15005940,2453990.93,2447167.829
1.002696132,1655786223,15000484,2437376.787,2430822.966
1.002850536,1655933821,15009660,2450588.521,2443622.885
1.002846153,1655929624,15009412,2453407.829,2446444.872
1.002854575,1655937688,15009908,2450598.39,2443622.885
1.002858597,1655941539,15010156,2450608.218,2443622.885
1.00286278,1655945544,15010404,2450618.439,2443622.885
1.002875883,1655958090,15011148,2450850.791,2443822.643
1.002867165,1655949743,15010652,2450629.156,2443622.885
1.002871457,1655953852,15010900,2450839.975,2443822.643
1.002884252,1655966104,15011644,2450871.243,2443822.643
1.002880071,1655962101,15011396,2450861.027,2443822.643
1.002888688,1655970352,15011892,2450973.947,2443914.242
1.002892937,1655974421,15012140,2450984.332,2443914.242
1.002897146,1655978451,15012388,2451020.792,2443940.341
1.002901105,1655982242,15012636,2451030.467,2443940.341
1.00290524,1655986202,15012884,2451040.574,2443940.341
1.002909328,1655990117,15013132,2451050.566,2443940.341
1.00291808,1655998497,15013628,2450057.229,2442928.569
1.002913719,1655994322,15013380,2451061.297,2443940.341
1.002922095,1656002340,15013876,2450069.21,2442930.735
1.002926283,1656006307,15014124,2387563.035,2380596.736
1.002935281,1656014693,15014620,2384871.091,2377891.312
1.002812931,1655897776,15007428,2454069.478,2447185.713
1.002939512,1656018635,15014868,2384881.151,2377891.312
1.002930828,1656010544,15014372,2384860.502,2377891.312
1.002804274,1655889475,15006932,2454048.293,2447185.713
1.002833992,1655917966,15008668,2453378.076,2446444.872
1.002960741,1656038357,15016108,2378044.899,2371024.909
1.002956548,1656034462,15015860,2377873.617,2370864.044
1.002842171,1655925807,15009164,2453398.087,2446444.872
1.002969507,1656046502,15016604,2378580.116,2371537.817
1.002947654,1656026200,15015364,2377852.531,2370864.044
1.00297811,1656054496,15017100,2378613.597,2371550.857
1.002974013,1656050689,15016852,2378603.881,2371550.857
1.002952067,1656030299,15015612,2377862.992,2370864.044
1.002999606,1656074471,15018340,2378664.576,2371550.857
1.002995731,1656070870,15018092,2378655.385,2371550.857
1.002991262,1656066717,15017844,2378644.786,2371550.857
1.003012207,1656086180,15019084,2378694.459,2371550.857
1.003008264,1656082516,15018836,2378685.108,2371550.857
1.003004253,1656078789,15018588,2378675.596,2371550.857
1.003016717,1656090371,15019332,2378204.672,2371051.878
1.00296489,1656042212,15016356,2378054.738,2371024.909
1.00294363,1656022462,15015116,2377842.991,2370864.044
1.002986678,1656062458,15017596,2378633.917,2371550.857
1.003042258,1656114062,15020820,2373190.771,2365992.81
1.003038189,1656110290,15020572,2373186.26,2365997.91
1.003046807,1656118280,15021068,2376429.17,2369210.643
1.003033647,1656106079,15020324,2373175.512,2365997.91
1.003029517,1656102250,15020076,2373165.74,2365997.91
1.003020938,1656094292,15019580,2378214.679,2371051.878
1.003059123,1656129713,15021812,2376458.349,2369210.643
1.003063406,1656133689,15022060,2376468.496,2369210.643
1.003071891,1656141566,15022556,2376488.599,2369210.643
1.003076285,1656145645,15022804,2376499.01,2369210.643
1.003067561,1656137547,15022308,2376478.342,2369210.643
1.002982405,1656058487,15017348,2378623.782,2371550.857
1.003085005,1656153740,15023300,2376519.669,2369210.643
1.003080868,1656149900,15023052,2376509.869,2369210.643
1.003055074,1656125955,15021564,2376448.758,2369210.643
1.00309863,1656166389,15024044,2376618.385,2369276.872
1.003102816,1656170275,15024292,2377336.553,2369982.932
1.003107359,1656174494,15024540,2377347.321,2369982.932
1.003093745,1656161854,15023796,2376571.58,2369241.75
1.00311601,1656182527,15025036,2377367.822,2369982.932
1.003120469,1656186668,15025284,2377378.391,2369982.932
1.003111801,1656178619,15024788,2377357.848,2369982.932
1.003128473,1656194101,15025780,2377397.361,2369982.932
1.003089311,1656157738,15023548,2376529.873,2369210.643
1.003142018,1656206679,15026524,2377429.461,2369982.932
1.00315102,1656215038,15027020,2377450.795,2369982.932
1.003137345,1656202339,15026276,2377418.385,2369982.932
1.003154971,1656218707,15027268,2377470.924,2369993.664
1.003159303,1656222730,15027516,2377481.191,2369993.664
1.00314659,1656210925,15026772,2377440.298,2369982.932
1.003163616,1656226735,15027764,2377491.413,2369993.664
1.003167685,1656230514,15028012,2377521.805,2370014.346
1.003176497,1656238697,15028508,2377542.689,2370014.346
1.003172317,1656234815,15028260,2377532.782,2370014.346
1.003185365,1656246932,15029004,2378248.037,2370696.504
1.003180786,1656242680,15028756,2377552.854,2370014.346
1.003050939,1656122116,15021316,2376438.96,2369210.643
1.003025139,1656098192,15019828,2373155.384,2365997.91
1.003133064,1656198364,15026028,2377408.24,2369982.932
1.003202938,1656263256,15029996,2378019.507,2370427.175
1.003207384,1656267385,15030244,2378030.045,2370427.175
1.003189753,1656251008,15029252,2378326.176,2370764.026
1.003211725,1656271417,15030492,2378040.336,2370427.175
1.003219952,1656279058,15030988,2378059.836,2370427.175
1.003215693,1656275102,15030740,2378049.74,2370427.175
1.003124753,1656190646,15025532,2377388.543,2369982.932
1.003228666,1656287135,15031484,2367076.878,2359458.972
1.003233022,1656291162,15031732,2367300.385,2359671.515
1.003223961,1656282781,15031236,2377081.159,2369442.17
1.003237754,1656295537,15031980,2367311.551,2359671.515
1.003254503,1656311025,15032972,2367938.456,2360256.992
1.003242083,1656299540,15032228,2367423.965,2359773.383
1.003262783,1656318682,15033468,2367957.997,2360256.992
1.003246554,1656303674,15032476,2367434.516,2359773.383
1.003258523,1656314743,15033220,2367947.945,2360256.992
1.003271348,1656326603,15033964,2367978.213,2360256.992
1.003275448,1656330395,15034212,2367987.891,2360256.992
1.003198112,1656258773,15029748,2377941.767,2370361.087
1.00327987,1656334485,15034460,2367998.329,2360256.992
1.003193868,1656254831,15029500,2378335.933,2370764.026
1.003288042,1656342042,15034956,2368017.616,2360256.992
1.003292763,1656346408,15035204,2368028.758,2360256.992
1.003305944,1656358598,15035948,2368059.869,2360256.992
1.003267292,1656322852,15033716,2367968.64,2360256.992
1.003314319,1656366344,15036444,2368079.638,2360256.992
1.003301764,1656354733,15035700,2368050.005,2360256.992
1.003322796,1656374183,15036940,2368099.644,2360256.992
1.00325044,1656307267,15032724,2367928.865,2360256.992
1.003318486,1656370197,15036692,2368089.471,2360256.992
1.003340668,1656390681,15037932,2362962.109,2355094.52
1.003310205,1656362539,15036196,2368069.927,2360256.992
1.00334515,1656394817,15038180,2362981.628,2355103.454
1.003336401,1656386744,15037684,2362904.718,2355047.335
1.003327342,1656378384,15037188,2362883.382,2355047.335
1.0033317,1656382406,15037436,2362893.647,2355047.335
1.003297492,1656350782,15035452,2368039.921,2360256.992
1.003358542,1656407175,15038924,2363023.995,2355114.246
1.003362843,1656411144,15039172,2363034.125,2355114.246
1.003354128,1656403102,15038676,2363013.6,2355114.246
1.003376271,1656423536,15039916,2363079.003,2355127.453
1.003367674,1656415602,15039420,2363058.754,2355127.453
1.003284269,1656338553,15034708,2368008.711,2360256.992
1.003393621,1656439535,15040908,2360431.988,2352448.667
1.003384474,1656431103,15040412,2360410.468,2352448.667
1.003401689,1656447028,15041404,2456483.643,2448155.78
1.003389015,1656435289,15040660,2360421.151,2352448.667
1.003409968,1656454743,15041900,2348240.08,2340259.869
1.003380355,1656427304,15040164,2363088.62,2355127.453
1.003405969,1656451076,15041652,2348230.722,2340259.869
1.003414423,1656458828,15042148,2348250.506,2340259.869
1.003427897,1656471193,15042892,2351448.169,2343415.183
1.00342341,1656467073,15042644,2351330.195,2343308.091
1.003432477,1656475398,15043140,2351458.901,2343415.183
1.003441079,1656483297,15043636,2351479.06,2343415.183
1.003436696,1656479272,15043388,2351468.788,2343415.183
1.003445626,1656487472,15043884,2352175.249,2344098.363
1.00345441,1656495540,15044380,2352195.84,2344098.363
1.003450332,1656491794,15044132,2352186.279,2344098.363
1.003462866,1656503307,15044876,2352260.595,2344143.141
1.003397652,1656443250,15041156,2360441.469,2352448.667
1.003476718,1656515982,15045620,2340963.78,2332853.106
1.003458789,1656499562,15044628,2352206.104,2344098.363
1.003472097,1656511758,15045372,2340952.999,2332853.106
1.003467478,1656507536,15045124,2340942.224,2332853.106
1.003481156,1656520038,15045868,2340974.131,2332853.106
1.003371853,1656419459,15039668,2363068.598,2355127.453
1.00349845,1656535847,15046860,2341757.254,2333593.294
1.00349417,1656531934,15046612,2341004.491,2332853.106
1.003506767,1656543452,15047356,2341837.049,2333653.47
1.003510995,1656547318,15047604,2341846.916,2333653.47
1.003502733,1656539763,15047108,2341827.635,2333653.47
1.003515292,1656551247,15047852,2341856.943,2333653.47
1.003519802,1656555371,15048100,2341867.468,2333653.47
1.003524493,1656559660,15048348,2341946.815,2333721.629
1.003533162,1656567587,15048844,2341967.045,2333721.629
1.003542245,1656575894,15049340,2342455.908,2334187.645
1.003528835,1656563631,15048596,2341956.949,2333721.629
1.003546533,1656579816,15049588,2342465.918,2334187.645
1.003537656,1656571697,15049092,2342445.197,2334187.645
1.003550926,1656583834,15049836,2342476.173,2334187.645
1.003559692,1656591851,15050332,2342597.96,2334288.612
1.003349585,1656398910,15038428,2363002.902,2355114.246
1.003567872,1656599333,15050828,2342617.055,2334288.612
1.003564122,1656595903,15050580,2342608.301,2334288.612
1.003571923,1656603038,15051076,2342626.511,2334288.612
1.003489905,1656528036,15046364,2340994.543,2332853.106
1.003587312,1656617096,15052068,2334800.564,2326454.846
1.003575747,1656606536,15051324,2342720.515,2334373.386
1.003591071,1656620523,15052316,2334809.311,2326454.846
1.003579927,1656610359,15051572,2342730.272,2334373.386
1.003598406,1656627209,15052812,2334786.701,2326415.315
1.003594776,1656623900,15052564,2334778.256,2326415.315
1.003606542,1656634626,15053308,2335119.357,2326727.915
1.003485546,1656524051,15046116,2340984.373,2332853.106
1.003555223,1656587764,15050084,2342486.202,2334187.645
1.003610112,1656637881,15053556,2335161.949,2326762.077
1.003621114,1656647909,15054300,2333525.652,2325106.177
1.003617343,1656644473,15054052,2333470.493,2325059.954
1.003418919,1656462951,15042396,2349124.074,2341119.975
1.003631659,1656657516,15055044,2333708.212,2325263.647
1.003628034,1656654213,15054796,2333699.782,2325263.647
1.0036351,1656660651,15055292,2333716.213,2325263.647
1.003624598,1656651083,15054548,2333570.753,2325143.043
1.003646237,1656670798,15056036,2333772.012,2325293.442
1.003649814,1656674057,15056284,2333780.33,2325293.442
1.003638882,1656664097,15055540,2333725.007,2325263.647
1.003653464,1656677383,15056532,2333888.818,2325393.078
1.003657449,1656681014,15056780,2333898.085,2325393.078
1.003602567,1656631002,15053060,2335110.108,2326727.915
1.003642543,1656667432,15055788,2333763.422,2325293.442
1.003613688,1656641141,15053804,2335170.269,2326762.077
1.003672013,1656694284,15057772,2334030.099,2325490.867
1.003675687,1656697632,15058020,2334038.644,2325490.867
1.003683018,1656704312,15058516,2334555.788,2325989.128
1.003679398,1656701013,15058268,2334047.273,2325490.867
1.003583849,1656613940,15051820,2334792.51,2326454.846
1.003694558,1656714834,15059260,2336209.864,2327610.372
1.003664777,1656687691,15057276,2334013.273,2325490.867
1.003701414,1656721087,15059756,2336225.823,2327610.372
1.003697811,1656717801,15059508,2336217.436,2327610.372
1.003661137,1656684374,15057028,2334004.808,2325490.867
1.003686972,1656707916,15058764,2335111.387,2326533.523
1.003691009,1656711597,15059012,2336201.603,2327610.372
1.003668536,1656691116,15057524,2334022.014,2325490.867
1.00370521,1656724549,15060004,2336234.658,2327610.372
1.003708539,1656727585,15060252,2336242.406,2327610.372
1.003715504,1656733937,15060748,2336258.618,2327610.372
1.003722724,1656740522,15061244,2336275.424,2327610.372
1.003719099,1656737216,15060996,2336266.986,2327610.372
1.003712177,1656730903,15060500,2336250.874,2327610.372
1.003733201,1656750077,15061988,2336339.054,2327649.471
1.003729744,1656746924,15061740,2336331.007,2327649.471
1.003736544,1656753126,15062236,2336346.835,2327649.471
1.003740493,1656756728,15062484,2336356.028,2327649.471
1.003743776,1656759722,15062732,2336363.669,2327649.471
1.003747611,1656763220,15062980,2336372.597,2327649.471
1.003726163,1656743658,15061492,2336322.672,2327649.471
1.003765833,1656779841,15064220,2336864.816,2328097.589
1.003751305,1656766589,15063228,2336381.195,2327649.471
1.00377299,1656786364,15064716,2334818.788,2326042.652
1.003780527,1656793233,15065212,2334836.319,2326042.652
1.003769575,1656783251,15064468,2334800.22,2326032.068
1.003758484,1656773137,15063724,2336811.467,2328061.485
1.003784391,1656796755,15065460,2334845.307,2326042.652
1.003776633,1656789684,15064964,2334827.261,2326042.652
1.003787907,1656799959,15065708,2334853.484,2326042.652
1.003795529,1656806906,15066204,2334871.214,2326042.652
1.003802388,1656813157,15066700,2334887.168,2326042.652
1.003755057,1656770011,15063476,2336803.489,2328061.485
1.003805782,1656816251,15066948,2334895.064,2326042.652
1.003809388,1656819539,15067196,2337513.106,2328642.404
1.003813088,1656822915,15067444,2337521.722,2328642.404
1.003820823,1656829973,15067940,2337539.735,2328642.404
1.00381704,1656826521,15067692,2337530.925,2328642.404
1.003824326,1656833169,15068188,2337547.892,2328642.404
1.003827738,1656836282,15068436,2337555.837,2328642.404
1.003799176,1656810230,15066452,2334879.698,2326042.652
1.003834728,1656842660,15068932,2337572.114,2328642.404
1.003831013,1656839270,15068684,2337563.462,2328642.404
1.003845432,1656852427,15069676,2337736.367,2328781.196
1.003791801,1656803508,15065956,2334862.542,2326042.652
1.003841877,1656849183,15069428,2337710.279,2328763.456
1.003856311,1656862354,15070420,2337880.137,2328899.177
1.003867634,1656872686,15071164,2337804.975,2328798.038
1.003838491,1656846093,15069180,2337580.876,2328642.404
1.00387456,1656879009,15071660,2339502.827,2330473.267
1.003871065,1656875817,15071412,2339231.523,2330211.125
1.003852695,1656859054,15070172,2337871.715,2328899.177
1.003881896,1656885708,15072156,2342151.292,2333094.463
1.003878082,1656882223,15071908,2338018.977,2328986.974
1.003885292,1656888813,15072404,2342159.217,2333094.463
1.00386406,1656869425,15070916,2337898.183,2328899.177
1.003900227,1656902473,15073396,2344161.653,2335054.41
1.003762093,1656776429,15063972,2336856.109,2328097.589
1.003903729,1656905677,15073644,2344169.83,2335054.41
1.003888818,1656892036,15072652,2342167.442,2333094.463
1.003911272,1656912578,15074140,2344187.442,2335054.41
1.003907379,1656909017,15073892,2344178.354,2335054.41
1.003918755,1656919424,15074636,2343662.358,2334513.971
1.003915247,1656916215,15074388,2344196.724,2335054.41
1.003848929,1656855618,15069924,2337744.511,2328781.196
1.003926116,1656926158,15075132,2343679.544,2334513.971
1.003929358,1656929123,15075380,2343687.111,2334513.971
1.003933015,1656932468,15075628,2343695.648,2334513.971
1.003936307,1656935480,15075876,2343703.335,2334513.971
1.00389283,1656895705,15072900,2343140.38,2334054.304
1.003860305,1656865999,15070668,2337889.439,2328899.177
1.003947246,1656945486,15076620,2343728.872,2334513.971
1.003943659,1656942205,15076372,2343720.498,2334513.971
1.003951011,1656948930,15076868,2343737.662,2334513.971
1.003954634,1656952244,15077116,2343837.166,2334604.659
1.003961497,1656958522,15077612,2343877.64,2334629.014
1.003964939,1656961671,15077860,2343885.677,2334629.014
1.003896318,1656898896,15073148,2344152.524,2335054.41
1.003975906,1656971703,15078604,2343911.28,2334629.014
1.003957843,1656955179,15077364,2343844.657,2334604.659
1.003979684,1656975159,15078852,2343920.1,2334629.014
1.003990513,1656985065,15079596,2343945.382,2334629.014
1.003987066,1656981912,15079348,2343937.335,2334629.014
1.003983566,1656978710,15079100,2343929.163,2334629.014
1.003939944,1656938807,15076124,2343711.826,2334513.971
1.003922441,1656922796,15074884,2343670.964,2334513.971
1.003997478,1656991435,15080092,2343477.514,2334146.814
1.004001386,1656995009,15080340,2343486.635,2334146.814
1.004012814,1657005461,15081084,2343513.31,2334146.814
1.004005005,1656998319,15080588,2343495.083,2334146.814
1.004016364,1657008708,15081332,2343521.597,2334146.814
1.003968626,1656965043,15078108,2343894.283,2334629.014
1.004008775,1657001767,15080836,2343503.883,2334146.814
1.004033883,1657024748,15082572,2346599.712,2337171.835
1.004030699,1657021832,15082324,2346592.27,2337171.835
1.003994008,1656988262,15079844,2343442.76,2334120.264
1.004023648,1657015375,15081828,2346575.791,2337171.835
1.004027178,1657018608,15082076,2346584.042,2337171.835
1.004037598,1657028150,15082820,2346608.394,2337171.835
1.004040997,1657031263,15083068,2346616.339,2337171.835
1.004058532,1657047753,15084308,2517825.994,2507648.621
1.004061571,1657050739,15084556,2517833.614,2507648.621
1.00404464,1657034599,15083316,2346624.853,2337171.835
1.004055346,1657044622,15084060,2517818.003,2507648.621
1.00404838,1657038024,15083564,2346633.594,2337171.835
1.004068679,1657057723,15085052,2517851.439,2507648.621
1.004072277,1657061255,15085300,2515250.121,2505048.869
1.004075612,1657064529,15085548,2515258.477,2505048.869
1.004082503,1657071293,15086044,2515275.739,2505048.869
1.00407908,1657067933,15085796,2515267.164,2505048.869
1.004020103,1657012129,15081580,2346653.328,2337257.313
1.00408896,1657077632,15086540,2515963.204,2505717.426
1.004092633,1657081238,15086788,2515962.103,2505707.164
1.004096417,1657084953,15087036,2515971.584,2505707.164
1.004102977,1657091397,15087532,2518272.641,2507982.448
1.004051997,1657041337,15083812,2347042.049,2337570.221
1.004065004,1657054112,15084804,2517842.223,2507648.621
1.004085797,1657074527,15086292,2515951.236,2505713.399
1.004106358,1657094720,15087780,2518281.122,2507982.448
1.004113702,1657101937,15088276,2518299.541,2507982.448
1.004120404,1657108523,15088772,2519117.915,2508780.725
1.004123696,1657111759,15089020,2519126.173,2508780.725
1.004127036,1657115043,15089268,2519134.555,2508780.725
1.004137059,1657124895,15090012,2519162.072,2508783.089
1.004116793,1657104974,15088524,2518307.292,2507982.448
1.003972141,1656968259,15078356,2343902.49,2334629.014
1.004099745,1657088222,15087284,2517218.788,2506940.968
1.004133454,1657121351,15089764,2519153.027,2508783.089
1.004140399,1657128178,15090260,2519170.451,2508783.089
1.004150173,1657137786,15091004,2519194.972,2508783.089
1.004147068,1657134734,15090756,2519187.183,2508783.089
1.004153379,1657140938,15091252,2519203.016,2508783.089
1.004130251,1657118203,15089516,2519144.993,2508783.089
1.004156541,1657144046,15091500,2519210.948,2508783.089
1.004163327,1657150717,15091996,2519361.083,2508915.647
1.004143651,1657131375,15090508,2519178.61,2508783.089
1.00415994,1657147388,15091748,2519352.587,2508915.647
1.004110203,1657098498,15088028,2518290.764,2507982.448
